,ds,yhat,yhat_lower,yhat_upper
0,2022-01-01,14.95,-44.41,72.69
1,2022-01-02,15.28,-47.65,76.32
2,2022-01-03,15.12,-48.76,80.29
3,2022-01-04,15.81,-48.86,78.54
4,2022-01-05,16.92,-42.15,86.78
5,2022-01-06,18.18,-40.68,85.68
6,2022-01-07,20.11,-42.42,79.9
7,2022-01-08,22.63,-38.23,88.3
8,2022-01-09,23.94,-42.48,85.14
9,2022-01-10,23.21,-43.01,85.43
10,2022-01-11,23.99,-39.41,82.78
11,2022-01-12,25.84,-40.64,89.62
12,2022-01-13,26.63,-35.72,88.67
13,2022-01-14,28.26,-31.34,90.76
14,2022-01-15,30.6,-34.11,90.75
15,2022-01-16,31.99,-29.76,98.54
16,2022-01-17,31.17,-35.42,89.04
17,2022-01-18,31.29,-27.82,92.45
18,2022-01-19,32.07,-34.86,95.2
19,2022-01-20,33.55,-27.22,94.52
20,2022-01-21,34.76,-32.98,95.87
21,2022-01-22,36.57,-29.66,102.42
22,2022-01-23,37.75,-22.31,102.75
23,2022-01-24,35.41,-28.59,95.18
24,2022-01-25,22.58,-38.82,86.22
25,2022-01-26,21.85,-39.32,79.06
26,2022-01-27,21.43,-40.35,81.68
27,2022-01-28,25.93,-37.29,88.42
28,2022-01-29,25.37,-41.4,83.81
29,2022-01-30,23.84,-42.47,85.82
30,2022-01-31,21.46,-37.74,82.12
31,2022-02-01,20.27,-43.77,82.34
32,2022-02-02,19.8,-44.56,85.09
33,2022-02-03,19.52,-44.43,86.57
34,2022-02-04,20.35,-43.54,82.92
35,2022-02-05,22.09,-39.66,87.57
36,2022-02-06,22.19,-39.04,90.46
37,2022-02-07,19.98,-40.24,79.01
38,2022-02-08,19.21,-42.88,82.35
39,2022-02-09,19.27,-36.91,81.38
40,2022-02-10,18.53,-40.65,83.43
41,2022-02-11,20.1,-46.79,89.82
42,2022-02-12,23.86,-36.67,83.1
43,2022-02-13,25.22,-33.9,85.44
44,2022-02-14,26.4,-37.32,87.31
45,2022-02-15,26.91,-36.48,88.72
46,2022-02-16,26.15,-37.04,85.51
47,2022-02-17,26.82,-36.6,86.92
48,2022-02-18,13.09,-47.65,71.62
49,2022-02-19,14.84,-49.51,80.74
50,2022-02-20,15.55,-49.1,84.29
51,2022-02-21,14.21,-52.24,74.85
52,2022-02-22,14.0,-47.44,77.65
53,2022-02-23,15.09,-46.69,80.67
54,2022-02-24,25.5,-36.84,90.89
55,2022-02-25,28.53,-38.44,93.48
56,2022-02-26,32.29,-29.92,87.53
57,2022-02-27,33.55,-29.65,96.43
58,2022-02-28,32.17,-27.46,93.22
59,2022-03-01,31.85,-34.36,95.97
60,2022-03-02,32.72,-31.25,96.87
61,2022-03-03,33.98,-24.91,93.13
62,2022-03-04,36.69,-24.78,99.04
63,2022-03-05,40.75,-27.73,104.64
64,2022-03-06,41.85,-22.29,104.22
65,2022-03-07,39.69,-23.37,103.67
66,2022-03-08,39.51,-22.43,105.48
67,2022-03-09,40.39,-24.8,104.41
68,2022-03-10,41.42,-18.71,106.8
69,2022-03-11,43.8,-18.68,107.09
70,2022-03-12,36.93,-25.41,100.9
71,2022-03-13,38.32,-18.76,102.84
72,2022-03-14,14.52,-48.48,75.22
73,2022-03-15,13.99,-50.0,77.19
74,2022-03-16,14.57,-45.03,78.54
75,2022-03-17,15.55,-44.42,77.88
76,2022-03-18,18.92,-47.68,78.3
77,2022-03-19,23.29,-44.25,84.92
78,2022-03-20,36.19,-24.56,95.33
79,2022-03-21,33.77,-29.08,102.05
80,2022-03-22,33.67,-35.32,94.31
81,2022-03-23,34.85,-27.64,96.36
82,2022-03-24,36.92,-31.55,105.15
83,2022-03-25,42.75,-20.31,102.36
84,2022-03-26,49.0,-16.88,103.82
85,2022-03-27,50.9,-11.05,111.14
86,2022-03-28,47.79,-10.69,114.93
87,2022-03-29,48.89,-13.97,115.88
88,2022-03-30,52.05,-15.69,114.73
89,2022-03-31,53.17,-12.94,118.35
90,2022-04-01,59.8,-4.33,124.3
91,2022-04-02,66.84,3.1,122.77
92,2022-04-03,69.84,4.68,132.89
93,2022-04-04,64.88,4.48,127.18
94,2022-04-05,48.03,-13.57,108.18
95,2022-04-06,45.27,-14.55,109.62
96,2022-04-07,15.21,-46.68,78.22
97,2022-04-08,20.44,-39.27,82.07
98,2022-04-09,26.59,-40.02,85.85
99,2022-04-10,27.17,-30.98,94.46
100,2022-04-11,24.68,-35.64,86.97
101,2022-04-12,24.27,-43.55,87.06
102,2022-04-13,42.88,-18.93,109.02
103,2022-04-14,43.36,-18.21,105.08
104,2022-04-15,45.13,-14.77,107.52
105,2022-04-16,51.07,-12.62,110.67
106,2022-04-17,53.85,-9.25,117.9
107,2022-04-18,52.15,-11.65,116.04
108,2022-04-19,50.58,-11.65,116.66
109,2022-04-20,50.77,-12.07,110.17
110,2022-04-21,53.29,-4.87,120.53
111,2022-04-22,61.7,-4.12,123.56
112,2022-04-23,72.74,10.15,135.85
113,2022-04-24,74.55,9.95,138.0
114,2022-04-25,70.29,7.91,132.48
115,2022-04-26,70.27,6.5,132.81
116,2022-04-27,72.09,7.66,130.52
117,2022-04-28,76.89,14.09,141.33
118,2022-04-29,62.09,-3.6,123.2
119,2022-04-30,68.13,5.29,134.38
120,2022-05-01,30.37,-36.11,94.63
121,2022-05-02,23.49,-36.77,84.31
122,2022-05-03,22.1,-42.34,85.96
123,2022-05-04,23.67,-41.13,82.11
124,2022-05-05,26.32,-33.13,89.01
125,2022-05-06,32.53,-30.91,96.95
126,2022-05-07,62.32,-2.98,128.84
127,2022-05-08,64.58,-1.58,130.02
128,2022-05-09,60.01,1.85,124.39
129,2022-05-10,61.17,-7.18,123.99
130,2022-05-11,62.93,-1.32,127.11
131,2022-05-12,64.91,4.27,123.66
132,2022-05-13,71.26,4.89,134.43
133,2022-05-14,80.08,17.19,141.42
134,2022-05-15,83.43,18.32,143.29
135,2022-05-16,79.12,15.28,140.89
136,2022-05-17,79.91,15.18,141.26
137,2022-05-18,83.4,23.12,145.73
138,2022-05-19,86.65,17.52,152.96
139,2022-05-20,103.21,41.96,164.81
140,2022-05-21,116.83,58.16,184.89
141,2022-05-22,111.46,50.84,173.6
142,2022-05-23,74.15,13.31,139.91
143,2022-05-24,69.9,10.63,134.3
144,2022-05-25,23.35,-42.7,87.38
145,2022-05-26,26.28,-39.05,87.28
146,2022-05-27,38.13,-21.78,99.43
147,2022-05-28,49.61,-13.49,113.47
148,2022-05-29,53.23,-11.52,115.3
149,2022-05-30,46.2,-17.65,110.49
150,2022-05-31,69.38,6.74,127.96
151,2022-06-01,68.22,6.61,126.93
152,2022-06-02,66.41,4.68,131.89
153,2022-06-03,68.99,6.18,133.59
154,2022-06-04,77.78,10.47,139.19
155,2022-06-05,81.88,20.18,144.43
156,2022-06-06,73.06,11.97,137.19
157,2022-06-07,69.86,2.68,132.0
158,2022-06-08,73.0,12.98,134.83
159,2022-06-09,75.67,4.95,137.33
160,2022-06-10,78.95,11.16,142.17
161,2022-06-11,87.27,25.18,152.54
162,2022-06-12,90.21,29.5,154.18
163,2022-06-13,82.95,19.94,144.43
164,2022-06-14,82.84,17.73,148.8
165,2022-06-15,84.39,23.51,150.13
166,2022-06-16,58.45,-3.54,121.52
167,2022-06-17,65.06,3.65,128.24
168,2022-06-18,21.21,-42.93,89.77
169,2022-06-19,24.08,-40.74,88.64
170,2022-06-20,18.29,-46.97,83.2
171,2022-06-21,17.66,-45.47,80.29
172,2022-06-22,20.29,-40.75,83.47
173,2022-06-23,23.92,-37.31,90.89
174,2022-06-24,31.98,-24.72,98.14
175,2022-06-25,43.35,-21.32,105.29
176,2022-06-26,47.73,-15.08,110.07
177,2022-06-27,42.66,-22.02,104.37
178,2022-06-28,43.08,-19.67,104.51
179,2022-06-29,46.37,-18.52,110.11
180,2022-06-30,50.56,-12.02,118.44
181,2022-07-01,59.2,-4.07,126.36
182,2022-07-02,71.12,4.23,136.09
183,2022-07-03,75.66,10.86,133.54
184,2022-07-04,70.27,10.23,132.67
185,2022-07-05,70.4,4.84,133.93
186,2022-07-06,73.35,10.55,139.14
187,2022-07-07,77.08,14.7,141.55
188,2022-07-08,85.37,23.37,150.8
189,2022-07-09,97.4,34.73,158.88
190,2022-07-10,111.63,53.19,178.49
191,2022-07-11,107.26,47.26,168.53
192,2022-07-12,43.79,-19.49,106.8
193,2022-07-13,41.7,-25.28,108.89
194,2022-07-14,45.37,-12.16,110.32
195,2022-07-15,51.63,-10.14,111.85
196,2022-07-16,58.73,-2.24,122.19
197,2022-07-17,60.97,-7.1,121.79
198,2022-07-18,51.06,-7.82,114.33
199,2022-07-19,46.65,-14.19,110.93
200,2022-07-20,45.65,-19.24,110.92
201,2022-07-21,47.34,-14.47,112.56
202,2022-07-22,54.72,-8.99,117.2
203,2022-07-23,65.64,2.7,132.5
204,2022-07-24,67.17,6.66,129.77
205,2022-07-25,59.61,0.02,118.21
206,2022-07-26,59.47,-4.82,119.76
207,2022-07-27,60.75,-1.71,125.61
208,2022-07-28,62.08,-2.61,121.91
209,2022-07-29,68.0,9.39,128.96
210,2022-07-30,80.66,21.87,142.9
211,2022-07-31,104.32,39.44,171.45
212,2022-08-01,97.83,32.86,158.26
213,2022-08-02,81.26,20.83,143.71
214,2022-08-03,81.39,16.04,141.56
215,2022-08-04,83.62,22.04,149.33
216,2022-08-05,28.99,-35.31,93.25
217,2022-08-06,41.32,-19.2,104.46
218,2022-08-07,45.86,-15.3,108.16
219,2022-08-08,40.07,-26.4,104.68
220,2022-08-09,40.65,-23.3,101.77
221,2022-08-10,45.97,-22.56,111.05
222,2022-08-11,87.1,25.01,150.92
223,2022-08-12,96.3,33.7,156.07
224,2022-08-13,100.74,41.15,164.02
225,2022-08-14,104.62,39.72,169.88
226,2022-08-15,98.91,36.03,163.8
227,2022-08-16,99.05,38.82,160.36
228,2022-08-17,105.48,42.7,169.77
229,2022-08-18,105.85,45.91,164.81
230,2022-08-19,112.68,48.28,176.48
231,2022-08-20,125.02,63.12,185.93
232,2022-08-21,126.2,63.31,190.26
233,2022-08-22,121.49,60.81,186.16
234,2022-08-23,121.8,57.45,184.44
235,2022-08-24,127.21,62.54,190.49
236,2022-08-25,128.18,66.17,191.81
237,2022-08-26,134.2,69.93,198.8
238,2022-08-27,112.74,45.58,179.29
239,2022-08-28,110.29,46.6,177.15
240,2022-08-29,52.82,-9.95,117.16
241,2022-08-30,46.39,-14.16,108.73
242,2022-08-31,47.66,-15.54,114.35
243,2022-09-01,46.57,-14.32,112.8
244,2022-09-02,52.01,-11.18,112.39
245,2022-09-03,59.28,-5.27,118.91
246,2022-09-04,84.7,21.93,150.93
247,2022-09-05,77.38,19.33,139.44
248,2022-09-06,71.52,6.71,132.03
249,2022-09-07,70.0,6.56,134.09
250,2022-09-08,70.25,5.1,131.94
251,2022-09-09,74.56,10.53,138.08
252,2022-09-10,80.3,19.2,147.56
253,2022-09-11,80.98,18.88,142.15
254,2022-09-12,75.39,10.5,135.77
255,2022-09-13,74.34,15.08,134.39
256,2022-09-14,75.82,15.9,136.7
257,2022-09-15,78.66,18.5,140.26
258,2022-09-16,82.26,19.41,138.24
259,2022-09-17,88.28,24.3,146.98
260,2022-09-18,91.49,30.66,154.51
261,2022-09-19,85.56,25.7,152.69
262,2022-09-20,63.34,0.72,126.33
263,2022-09-21,64.59,5.04,125.41
264,2022-09-22,26.14,-39.45,88.4
265,2022-09-23,30.51,-28.69,93.07
266,2022-09-24,38.11,-22.23,103.77
267,2022-09-25,41.94,-15.93,105.87
268,2022-09-26,37.38,-23.7,100.39
269,2022-09-27,37.13,-27.94,97.35
270,2022-09-28,57.39,-6.25,118.0
271,2022-09-29,56.98,-2.74,122.12
272,2022-09-30,60.14,-2.67,121.25
273,2022-10-01,66.65,-0.33,125.69
274,2022-10-02,67.85,7.27,134.3
275,2022-10-03,63.44,2.64,123.79
276,2022-10-04,62.22,-1.89,123.19
277,2022-10-05,61.14,-2.01,125.87
278,2022-10-06,60.2,-8.39,115.97
279,2022-10-07,63.68,1.37,126.72
280,2022-10-08,69.12,5.84,130.45
281,2022-10-09,68.99,4.54,131.24
282,2022-10-10,65.06,0.66,124.37
283,2022-10-11,64.0,-2.59,124.55
284,2022-10-12,63.27,-2.42,125.81
285,2022-10-13,62.4,-2.03,123.18
286,2022-10-14,50.7,-9.3,111.37
287,2022-10-15,54.39,-10.86,119.53
288,2022-10-16,26.2,-36.87,89.91
289,2022-10-17,22.59,-41.23,83.89
290,2022-10-18,23.05,-40.91,84.92
291,2022-10-19,23.3,-38.82,84.1
292,2022-10-20,25.09,-35.65,88.78
293,2022-10-21,27.62,-39.35,90.92
294,2022-10-22,44.72,-16.66,109.0
295,2022-10-23,44.73,-17.39,111.76
296,2022-10-24,41.52,-21.88,104.22
297,2022-10-25,40.38,-21.62,102.42
298,2022-10-26,40.79,-25.11,107.32
299,2022-10-27,41.57,-17.6,107.69
300,2022-10-28,44.13,-17.65,110.89
301,2022-10-29,47.89,-16.65,108.95
302,2022-10-30,48.68,-12.41,109.57
303,2022-10-31,45.92,-16.65,106.79
304,2022-11-01,45.13,-19.26,107.47
305,2022-11-02,45.56,-19.09,110.79
306,2022-11-03,46.94,-12.55,105.68
307,2022-11-04,49.33,-13.15,111.89
308,2022-11-05,52.11,-9.09,115.4
309,2022-11-06,52.79,-9.5,115.11
310,2022-11-07,40.5,-20.27,100.99
311,2022-11-08,39.98,-26.14,101.16
312,2022-11-09,22.67,-42.29,86.33
313,2022-11-10,23.75,-38.33,86.55
314,2022-11-11,25.15,-47.41,84.33
315,2022-11-12,28.15,-35.85,92.59
316,2022-11-13,29.68,-34.57,91.88
317,2022-11-14,28.36,-31.75,90.13
318,2022-11-15,37.11,-21.79,105.22
319,2022-11-16,38.18,-26.36,103.43
320,2022-11-17,39.55,-16.64,103.07
321,2022-11-18,41.81,-25.05,104.1
322,2022-11-19,45.26,-12.96,114.58
323,2022-11-20,47.05,-18.25,105.32
324,2022-11-21,46.0,-9.93,109.05
325,2022-11-22,46.24,-17.62,107.58
326,2022-11-23,48.33,-15.84,111.72
327,2022-11-24,50.86,-15.82,112.75
328,2022-11-25,53.79,-13.72,115.86
329,2022-11-26,56.42,-5.46,119.6
330,2022-11-27,56.74,-4.27,117.65
331,2022-11-28,54.14,-10.83,117.15
332,2022-11-29,56.22,-5.6,115.88
333,2022-11-30,56.38,-4.64,119.97
334,2022-12-01,49.93,-14.13,111.46
335,2022-12-02,50.24,-10.02,116.18
336,2022-12-03,35.47,-31.23,100.04
337,2022-12-04,36.35,-24.74,103.78
338,2022-12-05,34.4,-26.2,93.32
339,2022-12-06,33.52,-33.25,91.41
340,2022-12-07,33.34,-30.28,97.58
341,2022-12-08,35.42,-27.62,98.83
342,2022-12-09,35.12,-30.21,96.44
343,2022-12-10,36.57,-20.19,100.45
344,2022-12-11,36.49,-23.66,99.07
345,2022-12-12,33.8,-35.1,96.99
346,2022-12-13,33.3,-27.92,96.62
347,2022-12-14,32.96,-29.37,106.39
348,2022-12-15,32.49,-31.84,93.43
349,2022-12-16,33.02,-34.48,96.56
350,2022-12-17,34.7,-27.2,96.33
351,2022-12-18,34.18,-28.12,95.7
352,2022-12-19,31.44,-29.28,95.05
353,2022-12-20,30.29,-33.02,85.86
354,2022-12-21,30.02,-34.34,92.96
355,2022-12-22,30.61,-32.9,99.37
356,2022-12-23,31.71,-29.23,96.66
357,2022-12-24,33.4,-30.59,90.74
358,2022-12-25,33.51,-33.45,99.13
359,2022-12-26,31.59,-32.38,89.35
360,2022-12-27,18.83,-43.52,84.28
361,2022-12-28,19.31,-40.12,82.78
362,2022-12-29,20.78,-40.62,88.37
363,2022-12-30,22.09,-39.64,81.69
364,2022-12-31,24.45,-36.07,87.66
365,2023-01-01,25.19,-34.82,85.47
366,2023-01-02,23.07,-42.92,80.85
367,2023-01-03,22.83,-40.96,89.01
368,2023-01-04,23.23,-44.24,88.55
369,2023-01-05,23.99,-42.05,81.32
370,2023-01-06,25.21,-36.7,88.81
371,2023-01-07,26.72,-37.75,93.86
372,2023-01-08,27.21,-31.03,92.41
373,2023-01-09,25.9,-39.23,84.6
374,2023-01-10,25.35,-42.43,87.24
375,2023-01-11,25.37,-34.14,87.29
376,2023-01-12,25.48,-32.67,89.87
377,2023-01-13,26.31,-36.87,87.26
378,2023-01-14,27.7,-33.82,94.98
379,2023-01-15,27.73,-38.65,91.11
380,2023-01-16,26.12,-36.53,92.29
381,2023-01-17,25.34,-38.42,88.16
382,2023-01-18,24.63,-38.2,84.97
383,2023-01-19,23.72,-37.34,90.99
384,2023-01-20,16.46,-47.06,77.82
385,2023-01-21,17.13,-47.85,77.54
386,2023-01-22,17.25,-50.15,83.85
387,2023-01-23,16.29,-45.33,78.95
388,2023-01-24,15.77,-41.29,77.34
389,2023-01-25,15.52,-45.75,78.57
390,2023-01-26,19.41,-44.35,78.35
391,2023-01-27,20.05,-39.57,79.4
392,2023-01-28,21.15,-41.1,85.92
393,2023-01-29,21.22,-40.16,86.69
394,2023-01-30,19.9,-42.91,84.65
395,2023-01-31,19.44,-44.97,80.72
396,2023-02-01,19.37,-38.01,83.98
397,2023-02-02,19.56,-42.45,85.85
398,2023-02-03,20.56,-38.0,82.65
399,2023-02-04,22.64,-34.77,91.27
400,2023-02-05,22.63,-43.19,87.97
401,2023-02-06,20.83,-41.35,84.07
402,2023-02-07,20.72,-41.9,91.37
403,2023-02-08,20.73,-38.19,82.13
404,2023-02-09,20.58,-41.39,85.51
405,2023-02-10,21.81,-43.23,84.3
406,2023-02-11,18.89,-47.01,83.65
407,2023-02-12,19.38,-43.95,82.18
408,2023-02-13,7.14,-54.09,65.0
409,2023-02-14,7.1,-51.48,75.29
410,2023-02-15,7.38,-56.21,74.07
411,2023-02-16,8.04,-55.73,69.87
412,2023-02-17,9.58,-51.87,72.24
413,2023-02-18,11.99,-51.88,71.18
414,2023-02-19,18.84,-46.88,78.0
415,2023-02-20,17.89,-44.67,81.68
416,2023-02-21,18.73,-43.44,76.55
417,2023-02-22,19.3,-46.06,83.61
418,2023-02-23,20.67,-46.44,79.66
419,2023-02-24,21.9,-42.17,81.89
420,2023-02-25,24.66,-37.38,90.58
421,2023-02-26,25.78,-33.58,93.44
422,2023-02-27,24.45,-40.27,93.26
423,2023-02-28,23.74,-39.73,88.24
424,2023-03-01,24.48,-36.88,80.97
425,2023-03-02,26.06,-39.4,90.51
426,2023-03-03,28.3,-33.81,91.44
427,2023-03-04,30.84,-32.06,96.76
428,2023-03-05,32.91,-28.65,91.89
429,2023-03-06,31.28,-32.19,91.0
430,2023-03-07,25.09,-40.09,86.85
431,2023-03-08,25.64,-36.88,89.26
432,2023-03-09,11.88,-54.42,76.58
433,2023-03-10,13.61,-47.72,82.59
434,2023-03-11,15.85,-48.28,77.59
435,2023-03-12,17.04,-44.74,80.28
436,2023-03-13,15.62,-46.6,82.22
437,2023-03-14,13.59,-46.68,74.93
438,2023-03-15,22.14,-38.85,84.31
439,2023-03-16,21.94,-38.86,84.18
440,2023-03-17,24.26,-37.97,86.7
441,2023-03-18,27.02,-35.44,90.2
442,2023-03-19,25.53,-35.63,90.46
443,2023-03-20,23.52,-43.09,86.29
444,2023-03-21,23.28,-46.69,81.79
445,2023-03-22,23.83,-34.13,90.3
446,2023-03-23,26.05,-38.8,85.79
447,2023-03-24,29.5,-27.85,88.23
448,2023-03-25,32.53,-29.91,97.32
449,2023-03-26,34.74,-27.39,97.68
450,2023-03-27,32.63,-33.63,89.74
451,2023-03-28,31.79,-29.45,91.41
452,2023-03-29,32.44,-27.49,97.42
453,2023-03-30,32.82,-30.93,98.21
454,2023-03-31,26.27,-33.79,88.69
455,2023-04-01,29.3,-28.23,94.41
456,2023-04-02,14.39,-41.19,77.95
457,2023-04-03,11.98,-54.87,71.79
458,2023-04-04,14.22,-46.56,77.24
459,2023-04-05,12.45,-50.55,78.31
460,2023-04-06,11.89,-56.77,74.15
461,2023-04-07,13.32,-53.71,77.08
462,2023-04-08,25.02,-33.39,86.58
463,2023-04-09,26.52,-37.69,85.14
464,2023-04-10,24.77,-35.48,89.2
465,2023-04-11,23.61,-40.96,87.78
466,2023-04-12,24.33,-34.58,88.38
467,2023-04-13,25.61,-40.8,92.99
468,2023-04-14,27.93,-32.46,92.33
469,2023-04-15,31.15,-28.89,92.7
470,2023-04-16,31.89,-27.92,93.47
471,2023-04-17,30.26,-33.06,92.82
472,2023-04-18,29.62,-34.52,94.33
473,2023-04-19,29.99,-30.42,90.8
474,2023-04-20,32.7,-28.87,94.93
475,2023-04-21,33.25,-29.76,97.98
476,2023-04-22,36.99,-22.29,98.42
477,2023-04-23,39.78,-24.69,99.82
478,2023-04-24,28.99,-28.69,91.51
479,2023-04-25,26.34,-36.85,86.55
480,2023-04-26,7.51,-61.04,67.06
481,2023-04-27,11.66,-49.5,76.98
482,2023-04-28,14.0,-51.26,79.55
483,2023-04-29,15.68,-53.51,82.83
484,2023-04-30,16.32,-51.77,84.58
485,2023-05-01,14.04,-50.21,73.27
486,2023-05-02,23.83,-45.16,92.47
487,2023-05-03,23.87,-35.68,88.88
488,2023-05-04,24.87,-40.61,84.02
489,2023-05-05,28.07,-37.5,93.75
490,2023-05-06,33.45,-27.29,95.45
491,2023-05-07,35.44,-29.16,100.43
492,2023-05-08,33.02,-31.23,93.03
493,2023-05-09,32.91,-32.98,95.39
494,2023-05-10,33.96,-31.94,99.1
495,2023-05-11,34.91,-26.57,101.01
496,2023-05-12,37.46,-20.93,105.36
497,2023-05-13,41.11,-20.44,100.61
498,2023-05-14,42.54,-20.44,106.37
499,2023-05-15,40.56,-18.1,103.63
500,2023-05-16,41.46,-25.48,102.04
501,2023-05-17,42.91,-18.3,111.11
502,2023-05-18,34.31,-20.49,100.27
503,2023-05-19,36.15,-26.57,103.07
504,2023-05-20,19.36,-37.27,84.47
505,2023-05-21,20.74,-39.78,84.4
506,2023-05-22,18.4,-46.06,78.58
507,2023-05-23,17.5,-48.77,81.96
508,2023-05-24,19.85,-42.24,79.17
509,2023-05-25,22.7,-41.27,84.77
510,2023-05-26,21.8,-40.59,83.54
511,2023-05-27,25.98,-31.93,92.83
512,2023-05-28,29.2,-34.12,93.88
513,2023-05-29,25.73,-36.68,85.72
514,2023-05-30,23.22,-38.82,87.43
515,2023-05-31,25.42,-37.98,87.42
516,2023-06-01,26.89,-36.27,90.97
517,2023-06-02,27.37,-38.27,89.26
518,2023-06-03,29.08,-40.97,87.38
519,2023-06-04,31.47,-32.27,91.79
520,2023-06-05,29.86,-32.38,94.78
521,2023-06-06,29.66,-33.19,91.86
522,2023-06-07,30.18,-33.17,89.97
523,2023-06-08,28.67,-34.44,92.61
524,2023-06-09,30.81,-29.31,92.18
525,2023-06-10,34.0,-30.04,99.98
526,2023-06-11,34.24,-24.8,96.04
527,2023-06-12,31.03,-28.59,93.82
528,2023-06-13,6.26,-58.72,66.6
529,2023-06-14,7.74,-56.23,67.67
530,2023-06-15,8.1,-57.63,67.3
531,2023-06-16,12.24,-53.08,73.63
532,2023-06-17,17.35,-41.02,81.23
533,2023-06-18,19.22,-41.3,80.76
534,2023-06-19,17.05,-50.63,80.32
535,2023-06-20,16.77,-46.02,82.62
536,2023-06-21,18.0,-45.62,80.32
537,2023-06-22,17.92,-39.46,79.23
538,2023-06-23,20.67,-43.54,81.88
539,2023-06-24,24.69,-35.4,89.41
540,2023-06-25,27.56,-36.23,89.96
541,2023-06-26,26.01,-35.88,89.93
542,2023-06-27,25.73,-37.45,94.27
543,2023-06-28,25.6,-34.46,88.42
544,2023-06-29,27.7,-36.07,91.18
545,2023-06-30,31.97,-34.0,97.64
546,2023-07-01,37.2,-29.16,95.48
547,2023-07-02,38.97,-23.47,102.37
548,2023-07-03,36.2,-25.68,99.65
549,2023-07-04,34.97,-25.2,100.32
550,2023-07-05,35.19,-27.19,97.96
551,2023-07-06,36.73,-24.16,99.77
552,2023-07-07,14.97,-45.15,78.31
553,2023-07-08,19.95,-46.99,83.35
554,2023-07-09,21.41,-41.63,85.02
555,2023-07-10,18.92,-45.73,83.34
556,2023-07-11,18.53,-44.7,75.09
557,2023-07-12,19.34,-44.98,87.35
558,2023-07-13,33.17,-31.91,96.49
559,2023-07-14,35.49,-23.06,99.81
560,2023-07-15,42.81,-22.0,105.95
561,2023-07-16,43.28,-20.36,109.35
562,2023-07-17,41.33,-25.07,104.48
563,2023-07-18,41.53,-17.72,107.78
564,2023-07-19,42.98,-18.19,106.94
565,2023-07-20,44.5,-16.75,111.02
566,2023-07-21,50.97,-9.99,114.19
567,2023-07-22,55.13,-8.9,115.52
568,2023-07-23,57.87,-6.05,118.51
569,2023-07-24,54.07,-8.75,119.79
570,2023-07-25,53.69,-5.87,116.74
571,2023-07-26,55.69,-4.65,121.29
572,2023-07-27,58.33,-2.62,116.19
573,2023-07-28,63.27,1.57,128.03
574,2023-07-29,51.8,-8.21,118.45
575,2023-07-30,54.71,-6.58,117.45
576,2023-07-31,12.38,-44.54,72.09
577,2023-08-01,11.69,-51.62,73.08
578,2023-08-02,13.33,-52.95,78.6
579,2023-08-03,16.43,-47.46,78.74
580,2023-08-04,23.5,-36.16,88.0
581,2023-08-05,33.62,-28.86,95.22
582,2023-08-06,60.82,-0.56,130.01
583,2023-08-07,60.94,1.73,126.73
584,2023-08-08,61.65,0.2,126.18
585,2023-08-09,66.99,10.47,131.26
586,2023-08-10,70.58,7.64,140.83
587,2023-08-11,76.57,14.03,138.13
588,2023-08-12,88.29,25.85,153.33
589,2023-08-13,94.58,28.6,161.36
590,2023-08-14,92.16,27.99,150.97
591,2023-08-15,96.36,28.79,154.06
592,2023-08-16,103.17,37.05,166.84
593,2023-08-17,105.83,41.29,169.42
594,2023-08-18,116.24,54.44,182.9
595,2023-08-19,130.47,64.11,191.12
596,2023-08-20,138.88,71.28,198.26
597,2023-08-21,131.26,68.53,198.09
598,2023-08-22,96.61,39.17,156.4
599,2023-08-23,95.73,35.94,157.03
600,2023-08-24,46.22,-18.29,109.65
601,2023-08-25,53.6,-9.77,114.74
602,2023-08-26,60.73,-2.0,126.79
603,2023-08-27,69.21,2.19,130.09
604,2023-08-28,60.54,0.24,120.71
605,2023-08-29,53.78,-9.94,118.29
606,2023-08-30,76.67,14.99,138.94
607,2023-08-31,80.39,13.84,147.24
608,2023-09-01,85.42,25.52,149.45
609,2023-09-02,89.8,22.51,151.38
610,2023-09-03,89.71,26.36,150.7
611,2023-09-04,81.98,17.28,147.97
612,2023-09-05,77.9,15.15,139.15
613,2023-09-06,74.88,9.58,139.76
614,2023-09-07,72.77,9.78,133.25
615,2023-09-08,76.73,9.08,140.29
616,2023-09-09,77.13,13.54,138.69
617,2023-09-10,80.43,21.97,140.72
618,2023-09-11,72.14,6.5,134.75
619,2023-09-12,69.36,8.97,129.27
620,2023-09-13,71.09,7.59,133.55
621,2023-09-14,67.67,4.57,127.48
622,2023-09-15,52.65,-11.65,111.69
623,2023-09-16,58.0,0.51,119.04
624,2023-09-17,28.06,-35.67,89.26
625,2023-09-18,24.1,-41.19,85.51
626,2023-09-19,23.02,-38.22,81.33
627,2023-09-20,21.74,-37.41,88.36
628,2023-09-21,22.53,-37.35,86.01
629,2023-09-22,24.24,-35.85,90.84
630,2023-09-23,40.33,-23.19,101.9
631,2023-09-24,40.29,-23.71,100.31
632,2023-09-25,37.39,-22.13,104.43
633,2023-09-26,36.88,-27.54,98.28
634,2023-09-27,37.43,-23.37,107.23
635,2023-09-28,38.04,-24.36,100.49
636,2023-09-29,41.59,-24.57,105.4
637,2023-09-30,46.11,-17.63,108.7
638,2023-10-01,46.82,-16.44,107.08
639,2023-10-02,44.27,-19.66,108.54
640,2023-10-03,43.43,-14.54,104.72
641,2023-10-04,43.39,-24.72,101.83
642,2023-10-05,44.15,-18.89,109.16
643,2023-10-06,45.86,-16.51,105.81
644,2023-10-07,48.83,-14.22,109.48
645,2023-10-08,49.39,-13.03,114.82
646,2023-10-09,36.23,-28.04,103.82
647,2023-10-10,35.56,-28.91,99.34
648,2023-10-11,16.13,-45.98,80.29
649,2023-10-12,17.27,-51.21,77.0
650,2023-10-13,21.3,-43.7,81.11
651,2023-10-14,23.08,-37.09,87.88
652,2023-10-15,22.13,-42.33,83.47
653,2023-10-16,19.44,-43.75,83.9
654,2023-10-17,27.56,-37.95,87.23
655,2023-10-18,28.2,-34.72,86.87
656,2023-10-19,28.85,-34.86,93.24
657,2023-10-20,30.74,-32.7,94.87
658,2023-10-21,33.5,-31.78,97.92
659,2023-10-22,35.24,-28.82,98.42
660,2023-10-23,33.67,-26.63,101.24
661,2023-10-24,33.49,-29.74,95.09
662,2023-10-25,32.95,-31.24,95.09
663,2023-10-26,33.2,-30.96,94.97
664,2023-10-27,34.92,-26.96,96.32
665,2023-10-28,36.3,-29.02,98.29
666,2023-10-29,36.5,-25.26,100.25
667,2023-10-30,34.37,-32.32,96.11
668,2023-10-31,33.97,-27.62,96.39
669,2023-11-01,34.52,-31.8,96.44
670,2023-11-02,27.52,-34.28,95.54
671,2023-11-03,29.09,-30.27,90.62
672,2023-11-04,17.39,-49.59,79.22
673,2023-11-05,18.35,-44.27,80.56
674,2023-11-06,16.97,-43.23,82.19
675,2023-11-07,16.95,-46.41,77.61
676,2023-11-08,17.67,-45.86,80.15
677,2023-11-09,18.5,-44.58,77.09
678,2023-11-10,20.34,-39.26,86.74
679,2023-11-11,22.85,-38.7,88.09
680,2023-11-12,23.68,-49.87,83.73
681,2023-11-13,22.4,-46.95,87.26
682,2023-11-14,22.34,-37.97,87.17
683,2023-11-15,22.87,-40.07,85.49
684,2023-11-16,23.57,-35.78,86.33
685,2023-11-17,25.32,-37.39,86.85
686,2023-11-18,27.76,-37.75,89.63
687,2023-11-19,28.55,-34.83,88.61
688,2023-11-20,27.36,-37.93,92.15
689,2023-11-21,27.28,-32.83,90.19
690,2023-11-22,27.61,-38.81,94.86
691,2023-11-23,27.85,-39.48,89.48
692,2023-11-24,29.03,-34.1,91.42
693,2023-11-25,30.63,-30.51,93.84
694,2023-11-26,30.82,-29.83,93.65
695,2023-11-27,29.01,-32.08,92.75
696,2023-11-28,19.08,-42.58,81.97
697,2023-11-29,18.99,-39.25,81.66
698,2023-11-30,18.85,-45.07,82.5
699,2023-12-01,19.41,-43.36,81.74
700,2023-12-02,20.48,-41.81,87.76
701,2023-12-03,20.38,-38.1,90.07
702,2023-12-04,19.5,-48.53,79.45
703,2023-12-05,19.33,-48.04,80.09
704,2023-12-06,19.55,-45.52,76.85
705,2023-12-07,19.87,-39.65,80.1
706,2023-12-08,21.09,-41.44,81.57
707,2023-12-09,22.97,-38.46,88.17
708,2023-12-10,23.48,-36.91,85.39
709,2023-12-11,22.26,-35.26,86.84
710,2023-12-12,22.1,-37.32,86.55
711,2023-12-13,22.27,-38.39,82.33
712,2023-12-14,21.99,-44.21,81.88
713,2023-12-15,22.85,-40.43,85.48
714,2023-12-16,24.81,-35.31,86.22
715,2023-12-17,24.79,-36.46,85.11
716,2023-12-18,23.04,-41.19,85.53
717,2023-12-19,23.22,-40.76,88.47
718,2023-12-20,23.54,-41.81,87.69
719,2023-12-21,23.82,-33.35,85.12
720,2023-12-22,14.92,-51.61,84.33
721,2023-12-23,15.49,-45.56,74.79
722,2023-12-24,17.01,-44.31,74.03
723,2023-12-25,17.05,-45.23,79.68
724,2023-12-26,17.39,-45.75,82.11
725,2023-12-27,17.31,-45.73,85.56
726,2023-12-28,21.52,-42.91,87.09
727,2023-12-29,22.6,-42.63,85.28
728,2023-12-30,24.79,-37.8,86.5
729,2023-12-31,27.03,-36.39,88.07
730,2024-01-01,26.22,-36.47,88.19
731,2024-01-02,25.93,-36.36,89.82
732,2024-01-03,26.88,-32.67,88.97
733,2024-01-04,28.48,-34.8,92.68
734,2024-01-05,30.52,-32.02,100.9
735,2024-01-06,33.95,-26.28,95.45
736,2024-01-07,34.79,-27.03,105.22
737,2024-01-08,33.8,-29.49,93.41
738,2024-01-09,33.83,-26.52,97.31
739,2024-01-10,34.25,-30.29,95.66
740,2024-01-11,35.47,-28.52,100.02
741,2024-01-12,37.13,-25.68,97.18
742,2024-01-13,34.09,-32.52,94.57
743,2024-01-14,35.38,-27.02,96.64
744,2024-01-15,24.09,-37.91,86.33
745,2024-01-16,23.92,-43.75,84.53
746,2024-01-17,24.1,-35.1,88.8
747,2024-01-18,24.5,-35.07,85.48
748,2024-01-19,25.57,-38.16,85.45
749,2024-01-20,27.22,-38.42,86.35
750,2024-01-21,32.91,-27.43,100.55
751,2024-01-22,31.13,-35.2,93.21
752,2024-01-23,30.43,-34.48,91.37
753,2024-01-24,30.09,-33.33,88.61
754,2024-01-25,29.63,-34.29,90.1
755,2024-01-26,29.98,-35.29,93.23
756,2024-01-27,31.02,-32.73,95.73
757,2024-01-28,30.68,-33.24,89.96
758,2024-01-29,28.6,-31.64,93.29
759,2024-01-30,27.79,-35.17,90.69
760,2024-01-31,27.21,-30.34,87.8
761,2024-02-01,26.66,-37.13,87.76
762,2024-02-02,27.33,-37.72,91.49
763,2024-02-03,28.41,-32.93,90.11
764,2024-02-04,28.49,-34.28,95.77
765,2024-02-05,26.71,-34.67,91.43
766,2024-02-06,20.05,-37.7,81.73
767,2024-02-07,19.81,-41.65,86.02
768,2024-02-08,9.27,-49.62,73.35
769,2024-02-09,8.77,-52.43,68.49
770,2024-02-10,9.92,-48.07,71.44
771,2024-02-11,10.17,-51.36,72.19
772,2024-02-12,8.63,-53.9,72.82
773,2024-02-13,8.74,-50.84,71.66
774,2024-02-14,16.09,-50.04,80.09
775,2024-02-15,16.93,-44.29,79.56
776,2024-02-16,18.51,-40.97,80.34
777,2024-02-17,20.36,-42.79,76.6
778,2024-02-18,19.93,-43.49,79.53
779,2024-02-19,18.75,-41.92,80.58
780,2024-02-20,19.34,-43.35,83.36
781,2024-02-21,19.94,-47.28,82.56
782,2024-02-22,20.88,-38.04,85.7
783,2024-02-23,22.7,-39.11,85.84
784,2024-02-24,25.21,-37.64,87.42
785,2024-02-25,27.17,-38.94,88.81
786,2024-02-26,27.05,-33.49,87.74
787,2024-02-27,26.54,-35.21,87.86
788,2024-02-28,27.5,-31.22,88.51
789,2024-02-29,29.1,-30.82,93.47
790,2024-03-01,22.92,-39.8,89.06
791,2024-03-02,23.47,-39.48,86.02
792,2024-03-03,11.77,-49.9,70.75
793,2024-03-04,10.5,-50.07,78.6
794,2024-03-05,11.06,-55.95,76.3
795,2024-03-06,10.48,-56.25,75.89
796,2024-03-07,10.95,-53.49,75.51
797,2024-03-08,12.44,-52.29,74.43
798,2024-03-09,21.14,-39.52,86.69
799,2024-03-10,22.18,-39.64,82.2
800,2024-03-11,20.88,-39.08,84.44
801,2024-03-12,20.5,-47.46,80.63
802,2024-03-13,19.78,-43.65,79.38
803,2024-03-14,20.15,-43.96,90.02
804,2024-03-15,21.62,-38.58,88.14
805,2024-03-16,23.84,-36.59,86.32
806,2024-03-17,24.45,-36.5,86.82
807,2024-03-18,23.11,-38.21,85.41
808,2024-03-19,23.04,-41.44,80.19
809,2024-03-20,23.66,-43.69,80.81
810,2024-03-21,24.52,-35.39,87.85
811,2024-03-22,26.5,-39.09,90.27
812,2024-03-23,29.34,-34.02,92.38
813,2024-03-24,30.44,-39.14,93.96
814,2024-03-25,22.34,-41.45,85.96
815,2024-03-26,21.71,-43.16,79.25
816,2024-03-27,7.55,-61.04,72.4
817,2024-03-28,8.35,-53.71,73.99
818,2024-03-29,10.35,-46.86,73.24
819,2024-03-30,13.25,-45.07,75.15
820,2024-03-31,14.23,-55.18,76.1
821,2024-04-01,12.56,-52.14,75.13
822,2024-04-02,20.56,-37.44,82.29
823,2024-04-03,21.25,-39.3,87.09
824,2024-04-04,22.41,-40.26,84.66
825,2024-04-05,25.7,-37.3,86.59
826,2024-04-06,28.97,-30.43,90.61
827,2024-04-07,29.98,-33.18,95.13
828,2024-04-08,28.15,-34.0,86.13
829,2024-04-09,28.21,-35.47,93.97
830,2024-04-10,29.5,-32.4,88.85
831,2024-04-11,30.59,-33.08,92.05
832,2024-04-12,32.8,-29.64,95.41
833,2024-04-13,36.87,-28.39,98.79
834,2024-04-14,38.03,-24.94,100.08
835,2024-04-15,35.79,-24.7,99.96
836,2024-04-16,36.26,-26.06,101.12
837,2024-04-17,37.05,-29.67,97.33
838,2024-04-18,28.91,-30.59,94.84
839,2024-04-19,30.8,-34.19,95.82
840,2024-04-20,14.83,-46.31,80.25
841,2024-04-21,15.29,-46.9,74.44
842,2024-04-22,13.75,-49.24,76.54
843,2024-04-23,13.38,-50.45,74.53
844,2024-04-24,13.86,-47.98,74.12
845,2024-04-25,14.81,-46.65,85.78
846,2024-04-26,16.6,-51.23,82.19
847,2024-04-27,19.21,-46.63,77.98
848,2024-04-28,20.04,-44.57,81.77
849,2024-04-29,18.24,-48.93,77.91
850,2024-04-30,17.74,-47.57,80.2
851,2024-05-01,17.96,-49.84,82.53
852,2024-05-02,19.03,-45.62,81.67
853,2024-05-03,21.94,-38.48,84.55
854,2024-05-04,26.16,-42.47,87.78
855,2024-05-05,27.9,-31.8,91.17
856,2024-05-06,26.22,-35.71,91.25
857,2024-05-07,26.35,-36.76,85.22
858,2024-05-08,27.16,-32.14,90.03
859,2024-05-09,28.48,-35.81,91.43
860,2024-05-10,31.69,-28.29,94.03
861,2024-05-11,36.18,-29.49,97.82
862,2024-05-12,37.83,-29.12,100.09
863,2024-05-13,35.65,-28.44,94.78
864,2024-05-14,12.77,-47.27,77.65
865,2024-05-15,13.67,-51.89,80.22
866,2024-05-16,14.88,-43.28,82.64
867,2024-05-17,17.84,-43.5,77.4
868,2024-05-18,22.83,-43.91,83.62
869,2024-05-19,25.3,-42.05,88.33
870,2024-05-20,22.54,-43.34,83.4
871,2024-05-21,21.69,-40.54,88.11
872,2024-05-22,21.12,-38.53,87.89
873,2024-05-23,21.55,-42.02,83.34
874,2024-05-24,24.27,-41.89,93.17
875,2024-05-25,28.33,-35.5,92.08
876,2024-05-26,29.31,-29.52,89.47
877,2024-05-27,25.89,-38.02,88.84
878,2024-05-28,24.82,-37.76,81.55
879,2024-05-29,24.96,-38.56,88.3
880,2024-05-30,25.43,-32.8,88.3
881,2024-05-31,27.91,-33.01,90.54
882,2024-06-01,32.03,-30.98,91.98
883,2024-06-02,32.26,-28.91,90.8
884,2024-06-03,28.83,-29.5,90.48
885,2024-06-04,28.47,-33.08,87.53
886,2024-06-05,28.24,-41.32,90.76
887,2024-06-06,28.29,-32.04,87.22
888,2024-06-07,8.19,-58.25,72.95
889,2024-06-08,11.67,-53.9,77.13
890,2024-06-09,14.79,-44.8,77.3
891,2024-06-10,12.13,-51.95,71.9
892,2024-06-11,12.49,-52.07,77.09
893,2024-06-12,10.54,-52.45,74.82
894,2024-06-13,24.23,-40.62,86.64
895,2024-06-14,28.52,-35.96,94.53
896,2024-06-15,31.73,-27.26,98.22
897,2024-06-16,32.21,-30.56,95.49
898,2024-06-17,28.63,-34.69,87.72
899,2024-06-18,29.85,-32.7,91.21
900,2024-06-19,29.71,-30.0,84.68
901,2024-06-20,31.86,-30.22,91.69
902,2024-06-21,32.52,-32.38,96.29
903,2024-06-22,36.78,-25.38,100.17
904,2024-06-23,38.58,-23.66,97.43
905,2024-06-24,35.32,-31.7,100.97
906,2024-06-25,34.32,-21.05,101.15
907,2024-06-26,35.32,-27.07,96.91
908,2024-06-27,36.72,-25.15,97.49
909,2024-06-28,39.8,-22.59,104.96
910,2024-06-29,32.89,-25.86,95.16
911,2024-06-30,34.54,-24.89,97.04
912,2024-07-01,10.47,-50.88,76.18
913,2024-07-02,10.46,-53.0,76.02
914,2024-07-03,11.49,-48.67,76.58
915,2024-07-04,12.86,-50.25,70.93
916,2024-07-05,15.74,-50.83,74.59
917,2024-07-06,19.98,-42.92,85.87
918,2024-07-07,32.57,-30.95,91.42
919,2024-07-08,30.03,-32.75,91.36
920,2024-07-09,29.35,-31.9,94.23
921,2024-07-10,29.54,-29.75,99.26
922,2024-07-11,30.34,-30.89,93.01
923,2024-07-12,32.7,-33.63,95.76
924,2024-07-13,36.29,-30.28,95.66
925,2024-07-14,37.37,-28.85,96.79
926,2024-07-15,35.31,-29.28,99.03
927,2024-07-16,34.88,-24.69,96.0
928,2024-07-17,35.47,-26.02,97.67
929,2024-07-18,35.82,-25.16,97.65
930,2024-07-19,37.5,-20.44,100.32
931,2024-07-20,39.96,-28.32,98.76
932,2024-07-21,40.3,-21.24,104.74
933,2024-07-22,37.99,-25.16,97.9
934,2024-07-23,26.72,-39.53,84.55
935,2024-07-24,26.47,-38.4,88.42
936,2024-07-25,6.47,-54.86,65.93
937,2024-07-26,8.37,-55.68,77.77
938,2024-07-27,11.21,-47.32,75.48
939,2024-07-28,11.71,-53.1,73.15
940,2024-07-29,9.27,-51.94,69.23
941,2024-07-30,8.81,-49.39,73.12
942,2024-07-31,19.34,-38.65,81.01
943,2024-08-01,20.27,-46.64,83.59
944,2024-08-02,22.74,-46.75,81.25
945,2024-08-03,26.35,-39.13,88.05
946,2024-08-04,27.64,-36.27,88.41
947,2024-08-05,25.68,-39.76,84.47
948,2024-08-06,25.63,-36.69,89.17
949,2024-08-07,26.72,-30.62,87.15
950,2024-08-08,28.8,-34.67,92.83
951,2024-08-09,32.51,-28.43,94.63
952,2024-08-10,36.38,-23.78,97.25
953,2024-08-11,38.02,-29.07,106.41
954,2024-08-12,37.05,-24.84,100.67
955,2024-08-13,37.26,-26.74,103.97
956,2024-08-14,39.0,-24.25,103.38
957,2024-08-15,40.1,-22.83,104.44
958,2024-08-16,32.77,-36.78,91.68
959,2024-08-17,35.99,-26.59,101.29
960,2024-08-18,19.38,-39.47,79.51
961,2024-08-19,17.4,-47.34,78.62
962,2024-08-20,17.36,-48.88,79.89
963,2024-08-21,16.62,-49.33,77.52
964,2024-08-22,16.71,-46.77,80.04
965,2024-08-23,18.68,-45.7,87.17
966,2024-08-24,30.75,-30.62,95.13
967,2024-08-25,31.48,-29.76,95.97
968,2024-08-26,29.19,-29.8,93.86
969,2024-08-27,28.55,-39.64,95.14
970,2024-08-28,28.72,-33.3,89.56
971,2024-08-29,29.26,-29.99,93.81
972,2024-08-30,31.49,-25.4,95.85
973,2024-08-31,34.26,-28.87,93.67
974,2024-09-01,34.96,-23.3,100.1
975,2024-09-02,32.76,-28.26,98.13
976,2024-09-03,31.66,-29.08,91.9
977,2024-09-04,31.28,-30.92,91.2
978,2024-09-05,31.12,-29.95,97.04
979,2024-09-06,32.75,-32.81,98.45
980,2024-09-07,35.26,-25.41,94.5
981,2024-09-08,35.71,-26.56,96.61
982,2024-09-09,25.48,-38.54,85.42
983,2024-09-10,24.66,-42.43,89.86
984,2024-09-11,8.17,-51.48,71.44
985,2024-09-12,8.66,-54.25,68.24
986,2024-09-13,10.55,-49.27,73.91
987,2024-09-14,13.38,-50.66,72.14
988,2024-09-15,14.21,-50.16,74.33
989,2024-09-16,12.41,-54.27,82.11
990,2024-09-17,20.24,-42.7,83.5
991,2024-09-18,20.8,-41.26,82.22
992,2024-09-19,21.62,-38.99,82.82
993,2024-09-20,23.64,-40.07,84.83
994,2024-09-21,26.75,-30.76,90.88
995,2024-09-22,28.2,-31.97,93.13
996,2024-09-23,26.94,-33.81,91.04
997,2024-09-24,26.68,-34.14,89.63
998,2024-09-25,27.55,-37.3,95.53
999,2024-09-26,29.44,-32.95,94.04
1000,2024-09-27,31.74,-29.39,94.73
1001,2024-09-28,34.23,-27.27,98.39
1002,2024-09-29,34.77,-30.04,95.74
1003,2024-09-30,33.66,-33.49,96.63
1004,2024-10-01,33.36,-31.92,95.98
1005,2024-10-02,32.07,-33.01,95.59
1006,2024-10-03,23.88,-40.94,88.25
1007,2024-10-04,26.07,-33.29,82.66
1008,2024-10-05,13.7,-50.66,80.03
1009,2024-10-06,14.29,-48.41,75.75
1010,2024-10-07,12.45,-52.14,75.33
1011,2024-10-08,12.29,-51.18,78.32
1012,2024-10-09,12.47,-54.16,73.54
1013,2024-10-10,12.81,-48.66,76.22
1014,2024-10-11,14.38,-50.57,79.06
1015,2024-10-12,16.7,-47.84,77.95
1016,2024-10-13,17.26,-44.05,82.06
1017,2024-10-14,15.6,-49.15,77.88
1018,2024-10-15,15.7,-46.58,77.15
1019,2024-10-16,16.31,-45.25,78.84
1020,2024-10-17,19.33,-47.6,86.16
1021,2024-10-18,17.82,-40.33,83.41
1022,2024-10-19,20.11,-39.32,83.84
1023,2024-10-20,20.68,-43.32,83.3
1024,2024-10-21,19.05,-41.89,80.54
1025,2024-10-22,18.68,-42.97,82.48
1026,2024-10-23,19.11,-42.26,84.42
1027,2024-10-24,19.76,-42.91,79.95
1028,2024-10-25,22.01,-40.2,85.68
1029,2024-10-26,24.85,-39.71,89.25
1030,2024-10-27,25.43,-37.64,88.22
1031,2024-10-28,23.82,-34.79,82.46
1032,2024-10-29,11.56,-51.55,76.3
1033,2024-10-30,12.45,-53.59,76.01
1034,2024-10-31,13.49,-52.64,72.69
1035,2024-11-01,15.59,-44.97,74.31
1036,2024-11-02,18.38,-43.02,79.12
1037,2024-11-03,18.93,-41.82,76.38
1038,2024-11-04,17.76,-48.61,78.51
1039,2024-11-05,16.96,-50.29,77.7
1040,2024-11-06,16.98,-46.99,84.13
1041,2024-11-07,17.88,-44.68,82.36
1042,2024-11-08,20.09,-43.71,84.41
1043,2024-11-09,22.34,-37.11,86.05
1044,2024-11-10,23.2,-33.22,92.35
1045,2024-11-11,22.23,-37.73,83.38
1046,2024-11-12,22.36,-42.52,87.82
1047,2024-11-13,23.15,-39.19,81.22
1048,2024-11-14,24.45,-39.18,85.67
1049,2024-11-15,26.38,-33.69,84.33
1050,2024-11-16,28.74,-36.5,90.97
1051,2024-11-17,29.59,-32.42,88.03
1052,2024-11-18,28.51,-34.09,93.1
1053,2024-11-19,28.44,-32.53,90.13
1054,2024-11-20,28.97,-39.45,93.56
1055,2024-11-21,30.08,-25.85,96.23
1056,2024-11-22,21.05,-41.45,84.45
1057,2024-11-23,22.94,-37.87,86.49
1058,2024-11-24,23.34,-41.1,87.82
1059,2024-11-25,22.18,-41.74,88.02
1060,2024-11-26,22.07,-35.6,85.77
1061,2024-11-27,22.52,-41.19,82.84
1062,2024-11-28,28.29,-34.53,89.45
1063,2024-11-29,29.49,-33.2,91.4
1064,2024-11-30,31.16,-31.31,94.53
1065,2024-12-01,31.49,-30.04,94.21
1066,2024-12-02,30.32,-30.38,93.15
1067,2024-12-03,30.48,-29.83,92.2
1068,2024-12-04,30.85,-27.61,97.1
1069,2024-12-05,31.22,-32.13,93.41
1070,2024-12-06,32.33,-30.96,97.32
1071,2024-12-07,32.75,-28.72,96.8
1072,2024-12-08,31.98,-31.81,91.02
1073,2024-12-09,30.52,-31.11,88.5
1074,2024-12-10,29.81,-31.27,93.2
1075,2024-12-11,29.33,-36.78,88.96
1076,2024-12-12,29.02,-31.71,92.18
1077,2024-12-13,29.44,-30.69,90.23
1078,2024-12-14,25.4,-35.33,85.62
1079,2024-12-15,25.2,-39.83,88.84
1080,2024-12-16,14.77,-47.58,79.56
1081,2024-12-17,14.11,-45.44,80.62
1082,2024-12-18,14.52,-44.37,76.97
1083,2024-12-19,14.96,-47.94,79.82
1084,2024-12-20,15.26,-49.19,75.72
1085,2024-12-21,16.18,-48.6,78.38
1086,2024-12-22,20.45,-43.83,83.13
1087,2024-12-23,19.11,-44.18,86.1
1088,2024-12-24,18.63,-45.75,83.85
1089,2024-12-25,18.83,-44.52,84.37
1090,2024-12-26,19.54,-41.87,82.91
1091,2024-12-27,22.52,-43.97,88.23
1092,2024-12-28,24.58,-35.59,87.96
1093,2024-12-29,23.56,-40.3,82.88
1094,2024-12-30,20.93,-40.96,83.64
1095,2024-12-31,20.92,-40.72,85.23
1096,2025-01-01,21.32,-38.5,84.21
1097,2025-01-02,21.86,-35.98,83.39
1098,2025-01-03,22.98,-39.09,89.38
1099,2025-01-04,24.99,-41.37,87.1
1100,2025-01-05,25.62,-38.45,89.3
1101,2025-01-06,24.43,-43.64,85.0
1102,2025-01-07,20.78,-43.96,83.82
1103,2025-01-08,21.17,-35.44,85.73
1104,2025-01-09,14.66,-50.51,76.17
1105,2025-01-10,15.66,-54.98,75.96
1106,2025-01-11,16.97,-47.33,85.8
1107,2025-01-12,17.35,-41.92,81.84
1108,2025-01-13,16.54,-48.23,75.51
1109,2025-01-14,16.32,-47.84,78.59
1110,2025-01-15,19.67,-44.69,88.03
1111,2025-01-16,19.71,-40.14,80.44
1112,2025-01-17,20.15,-41.97,83.39
1113,2025-01-18,20.87,-43.85,82.16
1114,2025-01-19,20.71,-41.87,84.26
1115,2025-01-20,19.47,-45.29,80.44
1116,2025-01-21,18.77,-44.63,82.57
1117,2025-01-22,18.34,-44.21,78.08
1118,2025-01-23,17.95,-38.39,79.67
1119,2025-01-24,17.96,-41.48,86.01
1120,2025-01-25,18.26,-45.57,83.02
1121,2025-01-26,17.8,-51.29,80.2
1122,2025-01-27,16.39,-48.22,81.77
1123,2025-01-28,15.53,-51.13,78.7
1124,2025-01-29,14.95,-49.58,85.19
1125,2025-01-30,14.47,-50.8,79.01
1126,2025-01-31,11.71,-52.72,78.61
1127,2025-02-01,11.98,-46.04,77.53
1128,2025-02-02,6.51,-57.29,71.03
1129,2025-02-03,5.4,-55.52,64.91
1130,2025-02-04,4.83,-54.05,66.0
1131,2025-02-05,4.55,-60.91,71.21
1132,2025-02-06,4.38,-55.64,68.17
1133,2025-02-07,4.61,-54.21,67.58
1134,2025-02-08,7.5,-55.34,73.92
1135,2025-02-09,7.61,-59.93,74.2
1136,2025-02-10,7.0,-60.22,70.82
1137,2025-02-11,6.69,-56.35,70.45
1138,2025-02-12,6.64,-57.41,70.71
1139,2025-02-13,6.3,-59.61,71.18
1140,2025-02-14,6.7,-62.48,70.82
1141,2025-02-15,7.53,-60.68,71.34
1142,2025-02-16,8.09,-60.39,74.09
1143,2025-02-17,7.45,-59.4,71.98
1144,2025-02-18,7.02,-61.43,82.2
1145,2025-02-19,6.94,-59.52,75.83
1146,2025-02-20,7.17,-60.1,68.78
1147,2025-02-21,7.86,-60.4,78.37
1148,2025-02-22,8.15,-68.65,78.28
1149,2025-02-23,7.9,-68.39,68.89
1150,2025-02-24,5.58,-59.78,72.87
1151,2025-02-25,5.45,-65.24,69.44
1152,2025-02-26,2.23,-59.6,72.39
1153,2025-02-27,2.36,-64.33,65.17
1154,2025-02-28,2.72,-64.84,64.01
1155,2025-03-01,3.21,-60.55,63.0
1156,2025-03-02,3.31,-64.32,69.12
1157,2025-03-03,3.26,-66.36,70.06
1158,2025-03-04,4.4,-70.19,71.22
1159,2025-03-05,4.52,-63.69,71.41
1160,2025-03-06,4.4,-68.59,72.35
1161,2025-03-07,4.57,-66.5,79.69
1162,2025-03-08,4.94,-72.88,79.54
1163,2025-03-09,4.71,-72.53,79.98
1164,2025-03-10,4.22,-64.9,76.71
1165,2025-03-11,3.97,-69.31,77.57
1166,2025-03-12,3.81,-67.05,73.48
1167,2025-03-13,3.73,-73.87,78.14
1168,2025-03-14,3.81,-72.75,78.03
1169,2025-03-15,3.98,-70.16,76.86
1170,2025-03-16,3.87,-76.02,77.17
1171,2025-03-17,3.47,-75.68,81.01
1172,2025-03-18,3.27,-75.9,80.12
1173,2025-03-19,3.19,-70.12,81.6
1174,2025-03-20,2.29,-71.22,74.95
1175,2025-03-21,2.37,-70.12,77.24
1176,2025-03-22,1.06,-68.62,69.18
1177,2025-03-23,1.11,-68.51,70.58
1178,2025-03-24,0.88,-63.89,65.68
1179,2025-03-25,0.84,-58.9,63.85
1180,2025-03-26,0.81,-67.73,64.41
1181,2025-03-27,0.79,-62.78,70.44
1182,2025-03-28,0.88,-66.53,75.92
1183,2025-03-29,0.99,-70.63,71.72
1184,2025-03-30,0.94,-67.35,71.67
1185,2025-03-31,0.77,-72.54,70.21
1186,2025-04-01,0.66,-73.71,65.99
1187,2025-04-02,0.57,-69.92,69.25
1188,2025-04-03,0.51,-74.62,74.96
1189,2025-04-04,0.49,-73.34,77.47
1190,2025-04-05,0.45,-69.39,75.38
1191,2025-04-06,0.35,-79.09,78.7
1192,2025-04-07,0.22,-77.68,75.0
1193,2025-04-08,0.11,-79.38,75.0
1194,2025-04-09,0.01,-77.34,75.33
1195,2025-04-10,-0.09,-71.45,79.4
1196,2025-04-11,-0.2,-80.55,81.6
1197,2025-04-12,-0.35,-88.02,82.76
1198,2025-04-13,-0.48,-88.93,81.74
1199,2025-04-14,-0.56,-80.95,86.65
1200,2025-04-15,-0.21,-66.38,66.97
1201,2025-04-16,-0.25,-69.03,68.43
1202,2025-04-17,-0.3,-58.49,67.59
1203,2025-04-18,-0.41,-68.27,76.07
1204,2025-04-19,-0.59,-72.14,68.79
1205,2025-04-20,-0.68,-71.25,69.45
1206,2025-04-21,-0.61,-70.37,69.45
1207,2025-04-22,-0.64,-70.36,65.43
1208,2025-04-23,-0.7,-69.84,65.41
1209,2025-04-24,-0.79,-71.03,69.86
1210,2025-04-25,-1.0,-71.1,72.02
1211,2025-04-26,-1.31,-77.06,77.3
1212,2025-04-27,-1.46,-78.21,74.45
1213,2025-04-28,-1.43,-71.91,79.81
1214,2025-04-29,-1.55,-80.93,79.47
1215,2025-04-30,-1.66,-78.63,78.59
1216,2025-05-01,-1.79,-77.77,76.04
1217,2025-05-02,-2.1,-82.58,81.9
1218,2025-05-03,-2.53,-94.36,94.62
1219,2025-05-04,-2.74,-89.4,89.98
1220,2025-05-05,-2.65,-96.93,93.18
1221,2025-05-06,-2.84,-96.4,87.24
1222,2025-05-07,-3.21,-102.09,99.03
1223,2025-05-08,-3.2,-96.75,100.77
1224,2025-05-09,-1.32,-69.07,64.59
1225,2025-05-10,-1.82,-75.49,76.02
1226,2025-05-11,-2.04,-81.62,78.15
1227,2025-05-12,-1.84,-78.13,72.2
1228,2025-05-13,-1.87,-74.03,71.56
1229,2025-05-14,-2.03,-78.51,78.18
1230,2025-05-15,-3.65,-98.75,94.1
1231,2025-05-16,-4.11,-106.75,91.6
1232,2025-05-17,-4.78,-110.3,104.32
1233,2025-05-18,-5.19,-117.79,119.83
1234,2025-05-19,-4.78,-107.05,110.72
1235,2025-05-20,-4.83,-112.25,111.16
1236,2025-05-21,-5.02,-106.96,102.51
1237,2025-05-22,-5.25,-111.02,108.77
1238,2025-05-23,-5.81,-123.38,117.95
1239,2025-05-24,-6.54,-133.98,129.79
1240,2025-05-25,-6.96,-142.63,134.51
1241,2025-05-26,-6.66,-138.14,119.06
1242,2025-05-27,-6.61,-132.92,114.09
1243,2025-05-28,-6.76,-128.94,120.35
1244,2025-05-29,-6.98,-128.43,131.6
1245,2025-05-30,-7.82,-145.61,143.78
1246,2025-05-31,-6.01,-125.65,106.32
1247,2025-06-01,-6.24,-113.87,114.82
1248,2025-06-02,-1.62,-68.03,64.62
1249,2025-06-03,-1.47,-69.06,66.78
1250,2025-06-04,-1.53,-66.39,68.52
1251,2025-06-05,-1.67,-71.7,64.82
1252,2025-06-06,-2.16,-74.79,77.39
1253,2025-06-07,-2.92,-82.27,76.97
1254,2025-06-08,-6.12,-120.06,112.01
1255,2025-06-09,-5.16,-104.75,102.49
1256,2025-06-10,-5.32,-99.84,97.19
1257,2025-06-11,-5.47,-106.2,96.61
1258,2025-06-12,-5.83,-113.52,105.14
1259,2025-06-13,-6.48,-109.66,110.24
1260,2025-06-14,-7.49,-133.93,121.21
1261,2025-06-15,-8.18,-137.22,132.86
1262,2025-06-16,-7.6,-130.2,119.09
1263,2025-06-17,-7.51,-122.71,126.83
1264,2025-06-18,-7.78,-135.33,128.6
1265,2025-06-19,-8.03,-132.34,126.94
1266,2025-06-20,-8.88,-154.39,132.08
1267,2025-06-21,-10.81,-163.35,155.2
1268,2025-06-22,-12.11,-191.09,173.42
1269,2025-06-23,-11.31,-172.88,168.99
1270,2025-06-24,-7.34,-122.55,124.97
1271,2025-06-25,-7.9,-131.67,131.42
1272,2025-06-26,-1.88,-66.89,65.98
1273,2025-06-27,-2.66,-80.0,72.86
1274,2025-06-28,-3.94,-84.95,78.98
1275,2025-06-29,-4.73,-91.94,87.53
1276,2025-06-30,-4.47,-90.07,85.36
1277,2025-07-01,-4.75,-97.28,89.7
1278,2025-07-02,-9.07,-142.52,132.4
1279,2025-07-03,-9.81,-156.48,142.2
1280,2025-07-04,-10.62,-158.06,154.65
1281,2025-07-05,-11.94,-176.73,159.19
1282,2025-07-06,-12.38,-188.4,171.57
1283,2025-07-07,-12.27,-194.81,168.55
1284,2025-07-08,-12.82,-192.59,183.43
1285,2025-07-09,-12.63,-189.38,180.11
1286,2025-07-10,-11.92,-164.67,156.48
1287,2025-07-11,-12.44,-179.78,165.77
1288,2025-07-12,-13.82,-209.84,184.73
1289,2025-07-13,-14.5,-209.29,194.87
1290,2025-07-14,-14.75,-211.75,194.06
1291,2025-07-15,-15.03,-203.22,187.83
1292,2025-07-16,-15.01,-219.1,201.31
1293,2025-07-17,-15.43,-226.65,204.72
1294,2025-07-18,-12.07,-181.73,163.41
1295,2025-07-19,-13.12,-194.31,187.0
1296,2025-07-20,-5.36,-92.52,87.44
1297,2025-07-21,-4.13,-85.83,87.49
1298,2025-07-22,-3.88,-83.44,74.67
1299,2025-07-23,-4.22,-89.17,85.64
1300,2025-07-24,-4.32,-90.94,78.38
1301,2025-07-25,-5.32,-96.3,95.17
1302,2025-07-26,-10.98,-157.92,159.03
1303,2025-07-27,-11.73,-166.33,156.33
1304,2025-07-28,-10.47,-158.56,149.29
1305,2025-07-29,-10.14,-148.71,143.94
1306,2025-07-30,-10.25,-153.9,139.48
1307,2025-07-31,-10.56,-164.5,147.53
1308,2025-08-01,-11.87,-176.79,152.14
1309,2025-08-02,-13.61,-193.38,173.42
1310,2025-08-03,-14.54,-212.59,191.67
1311,2025-08-04,-13.99,-196.7,186.3
1312,2025-08-05,-14.48,-194.74,183.27
1313,2025-08-06,-15.42,-208.89,200.83
1314,2025-08-07,-15.85,-221.89,199.42
1315,2025-08-08,-17.77,-237.17,229.77
1316,2025-08-09,-20.26,-275.81,242.61
1317,2025-08-10,-21.91,-290.59,261.65
1318,2025-08-11,-16.24,-220.06,197.76
1319,2025-08-12,-15.85,-217.28,194.99
1320,2025-08-13,-6.29,-103.01,97.13
1321,2025-08-14,-7.16,-120.48,108.55
1322,2025-08-15,-9.03,-137.0,124.57
1323,2025-08-16,-10.76,-152.46,143.59
1324,2025-08-17,-12.11,-174.5,158.14
1325,2025-08-18,-12.15,-175.72,164.04
1326,2025-08-19,-17.9,-229.76,227.16
1327,2025-08-20,-18.14,-249.99,224.61
1328,2025-08-21,-18.46,-259.57,235.14
1329,2025-08-22,-19.8,-262.91,256.48
1330,2025-08-23,-21.48,-306.02,262.57
1331,2025-08-24,-21.89,-297.35,268.59
1332,2025-08-25,-20.97,-292.22,257.95
1333,2025-08-26,-20.79,-279.24,254.99
1334,2025-08-27,-21.16,-284.4,258.08
1335,2025-08-28,-21.67,-290.52,265.06
1336,2025-08-29,-23.04,-302.14,283.34
1337,2025-08-30,-25.1,-344.33,305.01
1338,2025-08-31,-25.73,-337.46,305.2
1339,2025-09-01,-24.08,-322.28,305.43
1340,2025-09-02,-23.85,-317.87,290.39
1341,2025-09-03,-24.2,-326.42,283.38
1342,2025-09-04,-19.3,-257.97,249.31
1343,2025-09-05,-20.84,-277.14,258.43
1344,2025-09-06,-11.47,-163.72,147.23
1345,2025-09-07,-11.09,-166.55,140.18
1346,2025-09-08,-9.48,-136.9,134.56
1347,2025-09-09,-8.9,-125.34,123.88
1348,2025-09-10,-8.93,-132.48,119.36
1349,2025-09-11,-9.77,-140.39,129.29
1350,2025-09-12,-11.62,-158.93,152.18
1351,2025-09-13,-13.33,-195.66,170.04
1352,2025-09-14,-13.74,-198.76,170.54
1353,2025-09-15,-12.48,-174.34,151.76
1354,2025-09-16,-12.55,-181.52,163.97
1355,2025-09-17,-12.93,-180.15,167.39
1356,2025-09-18,-13.38,-197.07,172.75
1357,2025-09-19,-15.34,-219.56,190.11
1358,2025-09-20,-18.41,-255.67,226.19
1359,2025-09-21,-20.09,-265.98,233.04
1360,2025-09-22,-18.9,-257.55,232.93
1361,2025-09-23,-19.11,-252.57,232.42
1362,2025-09-24,-19.28,-272.82,222.32
1363,2025-09-25,-19.23,-250.96,225.21
1364,2025-09-26,-21.34,-276.43,239.15
1365,2025-09-27,-23.94,-323.36,298.02
1366,2025-09-28,-24.75,-330.59,303.19
1367,2025-09-29,-23.82,-311.61,292.98
1368,2025-09-30,-10.53,-152.43,137.22
1369,2025-10-01,-11.73,-162.53,160.62
1370,2025-10-02,-12.21,-165.09,163.34
1371,2025-10-03,-14.48,-197.97,183.88
1372,2025-10-04,-17.86,-238.1,218.89
1373,2025-10-05,-19.08,-250.89,233.68
1374,2025-10-06,-15.93,-214.75,191.32
1375,2025-10-07,-16.91,-229.53,212.44
1376,2025-10-08,-17.72,-247.38,206.06
1377,2025-10-09,-18.83,-250.04,236.02
1378,2025-10-10,-20.06,-267.69,248.08
1379,2025-10-11,-23.02,-308.55,279.9
1380,2025-10-12,-23.53,-313.74,279.03
1381,2025-10-13,-22.03,-277.18,256.96
1382,2025-10-14,-21.86,-284.95,260.6
1383,2025-10-15,-21.59,-291.95,251.59
1384,2025-10-16,-21.81,-290.9,256.25
1385,2025-10-17,-23.33,-318.08,290.2
1386,2025-10-18,-25.41,-342.12,307.12
1387,2025-10-19,-26.07,-349.75,303.96
1388,2025-10-20,-24.33,-308.9,293.74
1389,2025-10-21,-24.26,-318.83,283.71
1390,2025-10-22,-25.04,-321.84,300.33
1391,2025-10-23,-25.71,-328.08,302.61
1392,2025-10-24,-13.25,-184.53,164.2
1393,2025-10-25,-17.78,-239.16,216.97
1394,2025-10-26,-19.1,-250.62,236.98
1395,2025-10-27,-18.45,-246.3,219.26
1396,2025-10-28,-18.98,-252.49,225.88
1397,2025-10-29,-18.48,-249.08,219.19
1398,2025-10-30,-27.38,-360.78,309.49
1399,2025-10-31,-29.47,-391.12,345.09
1400,2025-11-01,-32.08,-409.37,379.72
1401,2025-11-02,-33.43,-439.09,393.99
1402,2025-11-03,-32.39,-405.94,379.43
1403,2025-11-04,-32.85,-420.18,388.27
1404,2025-11-05,-34.11,-431.01,409.62
1405,2025-11-06,-35.49,-464.54,418.98
1406,2025-11-07,-38.5,-496.1,446.42
1407,2025-11-08,-42.36,-534.3,513.24
1408,2025-11-09,-43.86,-571.18,521.15
1409,2025-11-10,-42.54,-536.83,511.62
1410,2025-11-11,-43.13,-553.12,492.19
1411,2025-11-12,-44.59,-575.07,516.06
1412,2025-11-13,-46.11,-591.32,538.63
1413,2025-11-14,-49.24,-636.32,573.48
1414,2025-11-15,-44.6,-573.43,514.48
1415,2025-11-16,-46.48,-588.45,532.4
1416,2025-11-17,-28.28,-362.69,334.65
1417,2025-11-18,-28.73,-368.61,340.73
1418,2025-11-19,-30.18,-382.53,351.93
1419,2025-11-20,-31.91,-403.91,373.15
1420,2025-11-21,-34.97,-455.13,424.59
1421,2025-11-22,-39.0,-501.56,453.14
1422,2025-11-23,-49.87,-644.04,581.93
1423,2025-11-24,-48.64,-605.04,571.94
1424,2025-11-25,-49.14,-637.3,557.54
1425,2025-11-26,-50.46,-631.65,564.9
1426,2025-11-27,-52.04,-662.63,603.44
1427,2025-11-28,-55.1,-709.55,634.78
1428,2025-11-29,-59.12,-772.14,687.88
1429,2025-11-30,-60.71,-769.48,700.1
1430,2025-12-01,-59.42,-758.74,681.93
1431,2025-12-02,-59.5,-767.16,668.02
1432,2025-12-03,-60.06,-767.37,701.15
1433,2025-12-04,-60.67,-756.99,676.39
1434,2025-12-05,-62.59,-789.73,710.43
1435,2025-12-06,-65.73,-846.63,741.31
1436,2025-12-07,-66.52,-850.87,773.89
1437,2025-12-08,-64.06,-810.72,732.62
1438,2025-12-09,-53.66,-693.0,622.07
1439,2025-12-10,-53.73,-693.2,613.41
1440,2025-12-11,-34.95,-445.68,416.57
1441,2025-12-12,-36.59,-472.55,426.44
1442,2025-12-13,-39.3,-499.73,457.4
1443,2025-12-14,-39.58,-517.88,475.77
1444,2025-12-15,-36.62,-479.56,430.67
1445,2025-12-16,-35.53,-462.23,412.35
1446,2025-12-17,-45.36,-582.68,534.3
1447,2025-12-18,-45.66,-592.29,543.5
1448,2025-12-19,-47.55,-606.97,561.76
1449,2025-12-20,-50.64,-652.61,581.2
1450,2025-12-21,-51.43,-653.52,590.19
1451,2025-12-22,-49.33,-623.43,564.31
1452,2025-12-23,-49.29,-639.54,566.61
1453,2025-12-24,-50.4,-644.88,590.05
1454,2025-12-25,-52.08,-674.31,603.89
1455,2025-12-26,-54.99,-723.74,665.28
1456,2025-12-27,-59.23,-755.93,698.3
1457,2025-12-28,-61.02,-795.82,700.42
1458,2025-12-29,-59.47,-774.65,694.72
1459,2025-12-30,-59.0,-757.2,672.05
1460,2025-12-31,-60.55,-796.22,707.93
